Categories,Las Vegas,Pittsburgh,Charlotte,Urbana,Champaign,Phoenix,Madison 
Indian,3.8882964,3.6381323,3.7066302,4.117647,3.617347,3.738705,3.9306722,
 Bars,3.6255407,3.6197102,3.5487256,3.6766467,3.6310344,3.8231976,3.693903,
 Hospitals,3.051225,3.5405405,3.8444445,3.8,NaN,3.4561403,4.0,
 Gyms,3.8045175,3.8,3.8592594,3.7,NaN,3.5504143,4.112245,
 Cafes,3.6726623,4.059308,3.8842025,3.7666667,3.8153846,3.8970273,4.0156555,